Sensors,rise,decay1,decay2,r,Fm,Ca0,beta,F0
jGCaMP8f,1.85,34.07,263.7,0.48,6.1043797,4.17057528,0.39053296,-1.001
jGCaMP8m,2.46,41.64,245.8,0.28,7.45464483,2.69111721,0.36000789,-2.05088
jGCaMP8s,5.65,86.26,465.45,0.19,7.45579182,1.28241713,0.34372099,-2.91932
jGCaMP7f,16.21,95.27,398.22,0.24,6.84124734,5.5621592,0.42321225,-0.59348
XCaMP-Gf,13.93,99.38,312.85,0.2,2.36379296,3.93607549,0.47166752,-0.31937
GCaMP6s,50.81,1702.21,0,0,3.334,3.142,1.332,-0.049982
GCaMP6s-TG,133.01,1262.78,0,0,3.596,3.303,2.897,-0.000251
GCaMP6f,9.98,682.58,0,0,1.905,3.197,1.41,-0.020769
GCaMP6f-TG,20.82,629.74,0,0,2.818,5.821,1.046,-0.006377